1,CPF,Maicon,Anderson,01029901
2,CNPJ,Earle,Walhedd,01227200
2,CNPJ,Lottie,Tumasian,01251000
2,CNPJ,Ianthe,Clamo,01255010
1,CPF,Byran,McFadin,01308040
2,CNPJ,Shell,Tewelson,01311914
2,CNPJ,Selene,Coope,01332906
2,CNPJ,Tessa,Dalgarnowch,01416902
1,CPF,Jan,Bain,01426040
2,CNPJ,Leoline,Caldecott,01501001
1,CPF,Gayelord,Spencock,01543000
2,CNPJ,Patience,Domniney,01546120
1,CPF,Samaria,Hoyer,02072001
2,CNPJ,Duffy,Scouse,02084150
1,CPF,Bastien,Spearman,02119020
1,CPF,Charmain,Moncreiff,02123005
2,CNPJ,Liam,Domokos,02131040
1,CPF,Sarena,Hansen,02138000
1,CPF,Torey,Bangle,02140030
2,CNPJ,Elvyn,Greiswood,02147015
2,CNPJ,Nanci,Maides,02190080
2,CNPJ,Kelsi,Loalday,02201020
2,CNPJ,Kalvin,Phelps,02207080
1,CPF,Rosco,Dunguy,02209150
1,CPF,Loree,Budget,02216060
1,CPF,Carola,Urey,02217020
1,CPF,Idell,Blasli,02221140
2,CNPJ,Ario,Piggen,02224010
2,CNPJ,Florida,Romanelli,02227310
2,CNPJ,Maritsa,Pozer,02248001
2,CNPJ,Anatole,Tibbetts,02280105
1,CPF,Barnie,Barthot,02320160
1,CPF,Hamish,O'Docherty,02354240
1,CPF,Miriam,Dimitru,02357100
2,CNPJ,Worthy,Stanlick,02360281
2,CNPJ,Goldi,Mathieson,02371020
2,CNPJ,Olly,Clemintoni,02375170
1,CPF,Hailey,Brotherhood,02408000
1,CPF,Katleen,Wolfenden,02417122
2,CNPJ,Mirilla,McClunaghan,02420030
1,CPF,Felipe,Antonoyev,02435010
2,CNPJ,Alyda,Frick,02441070
2,CNPJ,Carmelita,Yushachkov,02467103
1,CPF,Daffie,Jarrold,02468075
2,CNPJ,Hugues,Cowin,02472050
1,CPF,Hadleigh,Minchi,02514050
2,CNPJ,Eugenio,Mallaby,02516040
1,CPF,Mallissa,Pudney,02545120
2,CNPJ,Cherie,Kingsley,02551110
1,CPF,Jimmie,Padson,02672010
